{"cameraMode":{"drawMode":0,"name":"Shaded","section":"Shading Mode"},"sceneLighting":true,"audioPlay":false,"sceneViewState":{"showFog":true,"showMaterialUpdate":true,"showSkybox":true,"showFlares":true,"showImageEffects":true,"showParticleSystems":true},"in2DMode":false,"pivot":{"x":0.0,"y":-0.10000000149011612,"z":-1.8400001525878907},"rotation":{"x":0.015124490484595299,"y":-0.008448902517557145,"z":-0.00005847078864462674,"w":-0.9998720288276672},"size":35.960758209228519,"orthographic":false}